<?xml version='1.0' encoding='UTF-8'?><!-- Sheet Specs! --><Config><EmployeeList product="Y" file = "2010 Master Employee List - ver 036.xls"  queryend = "070110"  readonly = "Y" keyname = "Master Employee List"><Parm keyname="connectionnm" passed="Y" /><Parm keyname="systemnm" passed="Y" /><Parm keyname="systemtype" passed="Y" /><Parm keyname="financetype" passed="Y" /><Parm keyname="usertype" passed="Y" /><Parm keyname="procprefix" passed="Y" /><Parm keyname="queryend" passed="Y" /><Parm keyname="ccimsg" passed="Y" /><Parm keyname="trustedconn" passed="Y" /><Parm keyname="sqluser" passed="Y" /><Parm keyname="sqlpassword" passed="Y" /></EmployeeList><Vendor product="Y" file = "2010 Master Vendor List ver 027.xls" queryend = "070110" readonly = "Y"  visible="Y" keyname = "Master Vendor List"><Parm keyname="connectionnm" passed="Y" /><Parm keyname="systemnm" passed="Y" /><Parm keyname="systemtype" passed="Y" /><Parm keyname="financetype" passed="Y" /><Parm keyname="usertype" passed="Y" /><Parm keyname="procprefix" passed="Y" /><Parm keyname="queryend" passed="Y" /><Parm keyname="ccimsg" passed="Y" /></Vendor><WorkersComp product="Y" file = "2010 Workers Comp Report ver 024.xlsm" queryend = "070110" readonly = "Y" visible="Y" keyname = "Workers Comp Audit Report"><Parm keyname="connectionnm" passed="Y" /><Parm keyname="systemnm" passed="Y" /><Parm keyname="systemtype" passed="Y" /><Parm keyname="financetype" passed="Y" /><Parm keyname="usertype" passed="Y" /><Parm keyname="procprefix" passed="Y" /><Parm keyname="queryend" passed="Y" /><Parm keyname="ccimsg" passed="Y" /></WorkersComp><ISISPayrollDeductions product="Y" file = "2010 ISIS Payroll Deductions ver 031.xlsm" queryend = "070110" readonly = "Y" visible="Y" keyname = "ISIS Payroll Deductions"><Parm keyname="connectionnm" passed="Y" /><Parm keyname="systemnm" passed="Y" /><Parm keyname="systemtype" passed="Y" /><Parm keyname="financetype" passed="Y" /><Parm keyname="usertype" passed="Y" /><Parm keyname="procprefix" passed="Y" /><Parm keyname="queryend" passed="Y" /><Parm keyname="ccimsg" passed="Y" /></ISISPayrollDeductions><ISISActDeductions product="Y" file = "2010 ISIS Actual Deductions by Check Date ver 044.xlsm" queryend = "070110" readonly = "Y" visible="Y" keyname = "Actual Deductions by Check Date"><Parm keyname="connectionnm" passed="Y" /><Parm keyname="systemnm" passed="Y" /><Parm keyname="systemtype" passed="Y" /><Parm keyname="financetype" passed="Y" /><Parm keyname="usertype" passed="Y" /><Parm keyname="procprefix" passed="Y" /><Parm keyname="queryend" passed="Y" /><Parm keyname="ccimsg" passed="Y" /></ISISActDeductions><AbsenceSettings product="Y" file = "2010 AbsenceSettings ver 004.xlsm" queryend = "070110" keyname = "AbsenceSettings" readonly = "N" visible="Y" procname="None"></AbsenceSettings><Absences product="Y" file = "2010 Absence History ver 066.xlsm" queryend = "070110" keyname = "Absence History" readonly = "Y" visible="Y" procname="Module1.SetSheetInitial"><Parm keyname="connectionnm" passed="Y" /><Parm keyname="systemnm" passed="Y" /><Parm keyname="systemtype" passed="Y" /><Parm keyname="financetype" passed="Y" /><Parm keyname="usertype" passed="Y" /><Parm keyname="procprefix" passed="Y" /><Parm keyname="queryend" passed="Y" /><Parm keyname="hoursordays" passed="Y" /><Parm keyname="schoolnum" passed="Y" /><Parm keyname="specialind" passed="Y" /><Parm keyname="otherdepts" passed="Y" /><Parm keyname="ccimsg" passed="Y" /></Absences><ISISPayrollAssign product="Y" file = "2010 ISIS Payroll Assignments ver 085.xlsm" queryend = "070110" keyname = "ISIS Payroll Assignments" readonly = "Y" visible="Y" procname="Module1.SetSheetInitial"><Parm keyname="connectionnm" passed="Y" /><Parm keyname="systemnm" passed="Y" /><Parm keyname="systemtype" passed="Y" /><Parm keyname="financetype" passed="Y" /><Parm keyname="usertype" passed="Y" /><Parm keyname="procprefix" passed="Y" /><Parm keyname="queryend" passed="Y" /><Parm keyname="schoolnum" passed="Y" /><Parm keyname="specialind" passed="Y" /><Parm keyname="otherdepts" passed="Y" /><Parm keyname="schpr" passed="Y" /><Parm keyname="ccimsg" passed="Y" /></ISISPayrollAssign><ISISPayrollHistory product="Y" file = "2010 ISIS Payroll History - ver 069.xlsm" queryend = "070110" keyname = "ISIS Payroll History" readonly = "Y" visible="Y" procname="Module1.SetSheetInitial"><Parm keyname="connectionnm" passed="Y" /><Parm keyname="systemnm" passed="Y" /><Parm keyname="systemtype" passed="Y" /><Parm keyname="financetype" passed="Y" /><Parm keyname="usertype" passed="Y" /><Parm keyname="procprefix" passed="Y" /><Parm keyname="queryend" passed="Y" /><Parm keyname="schoolnum" passed="Y" /><Parm keyname="specialind" passed="Y" /><Parm keyname="otherdepts" passed="Y" /><Parm keyname="schpr" passed="Y" /><Parm keyname="ccimsg" passed="Y" /></ISISPayrollHistory><SubBusHist product="Y" file = "2010 Substitute and Bus Payroll History - ver 037.xls" queryend = "070110" readonly = "Y" visible="Y" keyname = "Substitute and Bus Payroll History" procname="Module1.SetSheetInitial"><Parm keyname="connectionnm" passed="Y" /><Parm keyname="systemnm" passed="Y" /><Parm keyname="systemtype" passed="Y" /><Parm keyname="financetype" passed="Y" /><Parm keyname="usertype" passed="Y" /><Parm keyname="procprefix" passed="Y" /><Parm keyname="queryend" passed="Y" /><Parm keyname="schoolnum" passed="Y" /><Parm keyname="hrmsconnectionnm" passed="Y" /><Parm keyname="otherdepts" passed="Y" /><Parm keyname="specialind" passed="Y" /><Parm keyname="hrmssystemnm" passed="Y" /><Parm keyname="ccimsg" passed="Y" /></SubBusHist><ISISPO product="Y" file = "2010 ISIS Purchase Orders with Details ver 059.xlsm" queryend = "070110" keyname = "ISIS Purchase Orders with Details" readonly = "Y" visible="Y" procname="Module1.SetSheetInitial"><Parm keyname="connectionnm" passed="Y" /><Parm keyname="systemnm" passed="Y" /><Parm keyname="systemtype" passed="Y" /><Parm keyname="financetype" passed="Y" /><Parm keyname="usertype" passed="Y" /><Parm keyname="procprefix" passed="Y" /><Parm keyname="queryend" passed="Y" /><Parm keyname="schoolnum" passed="Y" /><Parm keyname="specialind" passed="Y" /><Parm keyname="otherdepts" passed="Y" /><Parm keyname="ccimsg" passed="Y" /></ISISPO><SartoxPO product="Y" file = "2010 Sartox Purchase Orders with Details - ver 033.xlsm" queryend = "070110" keyname = "Sartox Purchase Orders with Details" readonly = "Y" visible="Y" procname="Module1.SetSheetInitial"><Parm keyname="connectionnm" passed="Y" /><Parm keyname="systemnm" passed="Y" /><Parm keyname="systemtype" passed="Y" /><Parm keyname="financetype" passed="Y" /><Parm keyname="usertype" passed="Y" /><Parm keyname="procprefix" passed="Y" /><Parm keyname="queryend" passed="Y" /><Parm keyname="schoolnum" passed="Y" /><Parm keyname="specialind" passed="Y" /><Parm keyname="otherdepts" passed="Y" /><Parm keyname="ccimsg" passed="Y" /></SartoxPO><VoidedPR product="Y" file = "2010 Voided Payroll Checks ver 016.xls" queryend = "070110" readonly = "Y" visible="Y" keyname = "Voided Payroll Checks"><Parm keyname="connectionnm" passed="Y" /><Parm keyname="systemnm" passed="Y" /><Parm keyname="systemtype" passed="Y" /><Parm keyname="financetype" passed="Y" /><Parm keyname="usertype" passed="Y" /><Parm keyname="procprefix" passed="Y" /><Parm keyname="queryend" passed="Y" /><Parm keyname="ccimsg" passed="Y" /></VoidedPR><VoidedAP product="Y" file = "2010 Voided AP Checks ver 005.xls" queryend = "070110" readonly = "Y" visible="Y" keyname = "Voided AP Checks"><Parm keyname="connectionnm" passed="Y" /><Parm keyname="systemnm" passed="Y" /><Parm keyname="systemtype" passed="Y" /><Parm keyname="financetype" passed="Y" /><Parm keyname="usertype" passed="Y" /><Parm keyname="procprefix" passed="Y" /><Parm keyname="queryend" passed="Y" /><Parm keyname="ccimsg" passed="Y" /></VoidedAP><PayrollSettings product="Y" file = "2010 PayrollSettings ver 006.xlsm" queryend = "070110" readonly = "N" visible="Y" keyname = "PayrollSettings"><Parm keyname="connectionnm" passed="Y" /><Parm keyname="systemnm" passed="Y" /><Parm keyname="systemtype" passed="Y" /><Parm keyname="queryend" passed="Y" /><Parm keyname="salariedcodes" passed="Y" /><Parm keyname="salariedwithsupp" passed="Y" /><Parm keyname="certifiedcodes" passed="Y" /><Parm keyname="princodes" passed="Y" /><Parm keyname="suppcodes" passed="Y" /><Parm keyname="ccimsg" passed="Y" /></PayrollSettings><BudDet product="Y" file = "2010 Budget with Details ver 108.xls" queryend = "070110" readonly = "Y" visible="Y" keyname = "Budget with Details" procname="Module1.SetSheetInitial"><Parm keyname="connectionnm" passed="Y" /><Parm keyname="systemnm" passed="Y" /><Parm keyname="systemtype" passed="Y" /><Parm keyname="financetype" passed="Y" /><Parm keyname="usertype" passed="Y" /><Parm keyname="procprefix" passed="Y" /><Parm keyname="queryend" passed="Y" /><Parm keyname="schoolnum" passed="Y" /><Parm keyname="specialind" passed="Y" /><Parm keyname="otherdepts" passed="Y" /><Parm keyname="budgetind" passed="Y" /><Parm keyname="ccimsg" passed="Y" /></BudDet><BudSummary product="Y" file = "2010 Budget Summary and Board Report ver 043.xls" queryend = "070110" readonly = "Y" visible="Y" keyname = "Budget Summary and Board Report" procname="Module1.SetSheetInitial"><Parm keyname="connectionnm" passed="Y" /><Parm keyname="systemnm" passed="Y" /><Parm keyname="systemtype" passed="Y" /><Parm keyname="financetype" passed="Y" /><Parm keyname="usertype" passed="Y" /><Parm keyname="procprefix" passed="Y" /><Parm keyname="queryend" passed="Y" /><Parm keyname="specialind" passed="Y" /><Parm keyname="ccimsg" passed="Y" /></BudSummary><HRMSCert product="Y" file = "2010 HRMS Certification ver 008.xlsm" queryend = "070110" readonly = "Y" visible="Y" keyname = "HRMS Certification and Renewal Credits" procname="Module1.SetSheetInitial"><Parm keyname="hrmsconnectionnm" passed="Y" /><Parm keyname="hrmssystemnm" passed="Y" /><Parm keyname="systemtype" passed="Y" /><Parm keyname="financetype" passed="Y" /><Parm keyname="usertype" passed="Y" /><Parm keyname="procprefix" passed="Y" /><Parm keyname="queryend" passed="Y" /><Parm keyname="schoolnum" passed="Y" /><Parm keyname="ccimsg" passed="Y" /></HRMSCert><Applicants product="Y" file = "2010 Applicants ver 009.xlsm" queryend = "070110" readonly = "Y" visible="Y" keyname = "Applicants" procname="Module1.SetSheetInitial"><Parm keyname="hrmsconnectionnm" passed="Y" /><Parm keyname="hrmssystemnm" passed="Y" /><Parm keyname="systemtype" passed="Y" /><Parm keyname="financetype" passed="Y" /><Parm keyname="usertype" passed="Y" /><Parm keyname="procprefix" passed="Y" /><Parm keyname="queryend" passed="Y" /><Parm keyname="schoolnum" passed="Y" /><Parm keyname="ccimsg" passed="Y" /></Applicants><SartoxPayrollHistory product="Y" file = "2010 Sartox Payroll History ver 045.xlsm" queryend = "070110" keyname = "Sartox Payroll History" readonly = "Y" visible="Y" procname="Module1.SetSheetInitial"><Parm keyname="connectionnm" passed="Y" /><Parm keyname="systemnm" passed="Y" /><Parm keyname="systemtype" passed="Y" /><Parm keyname="financetype" passed="Y" /><Parm keyname="usertype" passed="Y" /><Parm keyname="procprefix" passed="Y" /><Parm keyname="queryend" passed="Y" /><Parm keyname="schoolnum" passed="Y" /><Parm keyname="specialind" passed="Y" /><Parm keyname="otherdepts" passed="Y" /><Parm keyname="schpr" passed="Y" /><Parm keyname="ccimsg" passed="Y" /></SartoxPayrollHistory><SartoxCafDeductions product="Y" file = "2010 Sartox Payroll Deductions ver 035.xlsm" queryend = "070110" readonly = "Y" visible="Y" keyname = "Sartox Payroll Deductions"><Parm keyname="connectionnm" passed="Y" /><Parm keyname="systemnm" passed="Y" /><Parm keyname="systemtype" passed="Y" /><Parm keyname="financetype" passed="Y" /><Parm keyname="usertype" passed="Y" /><Parm keyname="procprefix" passed="Y" /><Parm keyname="queryend" passed="Y" /><Parm keyname="ccimsg" passed="Y" /></SartoxCafDeductions><FixedAssets product="Y" file = "2010 Sartox Fixed Assets ver 026.xls" queryend = "070110" readonly = "Y" visible="Y" keyname = "Fixed Assets" procname="Module1.SetSheetInitial"><Parm keyname="connectionnm" passed="Y" /><Parm keyname="systemnm" passed="Y" /><Parm keyname="systemtype" passed="Y" /><Parm keyname="financetype" passed="Y" /><Parm keyname="usertype" passed="Y" /><Parm keyname="procprefix" passed="Y" /><Parm keyname="queryend" passed="Y" /><Parm keyname="schoolnum" passed="Y" /><Parm keyname="otherdepts" passed="Y" /><Parm keyname="ccimsg" passed="Y" /></FixedAssets><DeductionsReg product="Y" file = "2010 Sartox Deductions Register ver 012.xlsm" queryend = "070110" readonly = "Y" visible="Y" keyname = "Deductions Register"><Parm keyname="connectionnm" passed="Y" /><Parm keyname="systemnm" passed="Y" /><Parm keyname="systemtype" passed="Y" /><Parm keyname="financetype" passed="Y" /><Parm keyname="usertype" passed="Y" /><Parm keyname="procprefix" passed="Y" /><Parm keyname="queryend" passed="Y" /><Parm keyname="ccimsg" passed="Y" /></DeductionsReg><SartoxPayrollAssign product="Y" file = "2010 Sartox Payroll Assignments ver 044.xlsm" queryend = "070110" keyname = "Sartox Payroll Assignments" readonly = "Y" visible="Y" procname="Module1.SetSheetInitial"><Parm keyname="connectionnm" passed="Y" /><Parm keyname="systemnm" passed="Y" /><Parm keyname="systemtype" passed="Y" /><Parm keyname="financetype" passed="Y" /><Parm keyname="usertype" passed="Y" /><Parm keyname="procprefix" passed="Y" /><Parm keyname="queryend" passed="Y" /><Parm keyname="schoolnum" passed="Y" /><Parm keyname="specialind" passed="Y" /><Parm keyname="otherdepts" passed="Y" /><Parm keyname="schpr" passed="Y" /><Parm keyname="ccimsg" passed="Y" /></SartoxPayrollAssign><PayrollVer product="Y" file = "2010 Sartox Payroll Verification ver 022.xlsm"  queryend = "070110"  readonly = "Y" keyname = "Sartox Payroll Verification"><Parm keyname="connectionnm" passed="Y" /><Parm keyname="systemnm" passed="Y" /><Parm keyname="systemtype" passed="Y" /><Parm keyname="financetype" passed="Y" /><Parm keyname="usertype" passed="Y" /><Parm keyname="procprefix" passed="Y" /><Parm keyname="queryend" passed="Y" /><Parm keyname="ccimsg" passed="Y" /></PayrollVer><LeaveBalances product="Y" file = "2010 Leave Balances ver 003.xlsm"  queryend = "070110"  readonly = "Y" keyname = "Leave Balances"><Parm keyname="connectionnm" passed="Y" /><Parm keyname="systemnm" passed="Y" /><Parm keyname="systemtype" passed="Y" /><Parm keyname="financetype" passed="Y" /><Parm keyname="usertype" passed="Y" /><Parm keyname="procprefix" passed="Y" /><Parm keyname="queryend" passed="Y" /><Parm keyname="schoolnum" passed="Y" /><Parm keyname="ccimsg" passed="Y" /></LeaveBalances><EmployeeList product="Y" file = "2010 Master Employee List - ver 035.xls"  queryend = "070110TEST"  readonly = "Y" keyname = "Master Employee List"><Parm keyname="connectionnm" passed="Y" /><Parm keyname="systemnm" passed="Y" /><Parm keyname="systemtype" passed="Y" /><Parm keyname="financetype" passed="Y" /><Parm keyname="usertype" passed="Y" /><Parm keyname="procprefix" passed="Y" /><Parm keyname="queryend" passed="Y" /><Parm keyname="ccimsg" passed="Y" /><Parm keyname="trustedconn" passed="Y" /><Parm keyname="sqluser" passed="Y" /><Parm keyname="sqlpassword" passed="Y" /></EmployeeList><SartoxPayrollAssign product="Y" file = "2010 Sartox Payroll Assignments ver 044.xlsm" queryend = "070110TEST" keyname = "Sartox Payroll Assignments" readonly = "Y" visible="Y" procname="Module1.SetSheetInitial"><Parm keyname="connectionnm" passed="Y" /><Parm keyname="systemnm" passed="Y" /><Parm keyname="systemtype" passed="Y" /><Parm keyname="financetype" passed="Y" /><Parm keyname="usertype" passed="Y" /><Parm keyname="procprefix" passed="Y" /><Parm keyname="queryend" passed="Y" /><Parm keyname="schoolnum" passed="Y" /><Parm keyname="specialind" passed="Y" /><Parm keyname="otherdepts" passed="Y" /><Parm keyname="schpr" passed="Y" /><Parm keyname="ccimsg" passed="Y" /></SartoxPayrollAssign><LeaveBalances product="Y" file = "2012 Leave Balances ver 007.xlsm"  queryend = "070112"  readonly = "Y" keyname = "Leave Balances"><Parm keyname="connectionnm" passed="Y" /><Parm keyname="systemnm" passed="Y" /><Parm keyname="systemtype" passed="Y" /><Parm keyname="financetype" passed="Y" /><Parm keyname="usertype" passed="Y" /><Parm keyname="procprefix" passed="Y" /><Parm keyname="queryend" passed="Y" /><Parm keyname="schoolnum" passed="Y" /><Parm keyname="ccimsg" passed="Y" /></LeaveBalances><BudSummary product="Y" file = "2012 Budget Summary and Board Report ver 041.xlsm" queryend = "070112" readonly = "Y" visible="Y" keyname = "Budget Summary and Board Report" procname="Module1.SetSheetInitial"><Parm keyname="connectionnm" passed="Y" /><Parm keyname="systemnm" passed="Y" /><Parm keyname="systemtype" passed="Y" /><Parm keyname="financetype" passed="Y" /><Parm keyname="usertype" passed="Y" /><Parm keyname="procprefix" passed="Y" /><Parm keyname="queryend" passed="Y" /><Parm keyname="specialind" passed="Y" /><Parm keyname="ccimsg" passed="Y" /></BudSummary><BudDet product="Y" file = "2012 Budget with Details ver 046.xlsm" queryend = "070112" readonly = "Y" visible="Y" keyname = "Budget with Details" procname="Module1.SetSheetInitial"><Parm keyname="connectionnm" passed="Y" /><Parm keyname="systemnm" passed="Y" /><Parm keyname="systemtype" passed="Y" /><Parm keyname="financetype" passed="Y" /><Parm keyname="usertype" passed="Y" /><Parm keyname="procprefix" passed="Y" /><Parm keyname="queryend" passed="Y" /><Parm keyname="schoolnum" passed="Y" /><Parm keyname="specialind" passed="Y" /><Parm keyname="otherdepts" passed="Y" /><Parm keyname="budgetind" passed="Y" /><Parm keyname="ccimsg" passed="Y" /></BudDet><BudDet product="Y" file = "2021 Budget with Details ver 003.xlsm" queryend = "070121" readonly = "Y" visible="Y" keyname = "Budget with Details" procname="Module1.SetSheetInitial"><Parm keyname="connectionnm" passed="Y" /><Parm keyname="systemnm" passed="Y" /><Parm keyname="systemtype" passed="Y" /><Parm keyname="financetype" passed="Y" /><Parm keyname="usertype" passed="Y" /><Parm keyname="procprefix" passed="Y" /><Parm keyname="queryend" passed="Y" /><Parm keyname="schoolnum" passed="Y" /><Parm keyname="specialind" passed="Y" /><Parm keyname="otherdepts" passed="Y" /><Parm keyname="budgetind" passed="Y" /><Parm keyname="ccimsg" passed="Y" /></BudDet><PayrollSettings product="Y" file = "2012 PayrollSettings ver 007.xlsm" queryend = "070112" readonly = "N" visible="Y" keyname = "PayrollSettings"><Parm keyname="connectionnm" passed="Y" /><Parm keyname="systemnm" passed="Y" /><Parm keyname="systemtype" passed="Y" /><Parm keyname="queryend" passed="Y" /><Parm keyname="salariedcodes" passed="Y" /><Parm keyname="salariedwithsupp" passed="Y" /><Parm keyname="certifiedcodes" passed="Y" /><Parm keyname="princodes" passed="Y" /><Parm keyname="suppcodes" passed="Y" /><Parm keyname="ccimsg" passed="Y" /></PayrollSettings><SubBusHist product="Y" file = "2012 Substitute and Bus Payroll History - ver 017.xlsm" queryend = "070112" readonly = "Y" visible="Y" keyname = "Substitute and Bus Payroll History" procname="Module1.SetSheetInitial"><Parm keyname="connectionnm" passed="Y" /><Parm keyname="systemnm" passed="Y" /><Parm keyname="systemtype" passed="Y" /><Parm keyname="financetype" passed="Y" /><Parm keyname="usertype" passed="Y" /><Parm keyname="procprefix" passed="Y" /><Parm keyname="queryend" passed="Y" /><Parm keyname="schoolnum" passed="Y" /><Parm keyname="hrmsconnectionnm" passed="Y" /><Parm keyname="otherdepts" passed="Y" /><Parm keyname="specialind" passed="Y" /><Parm keyname="hrmssystemnm" passed="Y" /><Parm keyname="hidesubs" passed="Y" /><Parm keyname="ccimsg" passed="Y" /></SubBusHist><AbsenceSettings product="Y" file = "2012 AbsenceSettings ver 005.xlsm" queryend = "070112" keyname = "AbsenceSettings" readonly = "N" visible="Y" procname="None"></AbsenceSettings><Absences product="Y" file = "2012 Absence History ver 031.xlsm" queryend = "070112" keyname = "Absence History" readonly = "Y" visible="Y" procname="Module1.SetSheetInitial"><Parm keyname="connectionnm" passed="Y" /><Parm keyname="systemnm" passed="Y" /><Parm keyname="systemtype" passed="Y" /><Parm keyname="financetype" passed="Y" /><Parm keyname="usertype" passed="Y" /><Parm keyname="procprefix" passed="Y" /><Parm keyname="queryend" passed="Y" /><Parm keyname="hoursordays" passed="Y" /><Parm keyname="schoolnum" passed="Y" /><Parm keyname="specialind" passed="Y" /><Parm keyname="otherdepts" passed="Y" /><Parm keyname="ccimsg" passed="Y" /></Absences><ISISActDeductions product="Y" file = "2012 ISIS Actual Deductions by Check Date ver 031.xlsm" queryend = "070112" readonly = "Y" visible="Y" keyname = "Actual Deductions by Check Date"><Parm keyname="connectionnm" passed="Y" /><Parm keyname="systemnm" passed="Y" /><Parm keyname="systemtype" passed="Y" /><Parm keyname="financetype" passed="Y" /><Parm keyname="usertype" passed="Y" /><Parm keyname="procprefix" passed="Y" /><Parm keyname="queryend" passed="Y" /><Parm keyname="ccimsg" passed="Y" /></ISISActDeductions><ISISPayrollDeductions product="Y" file = "2012 ISIS Payroll Deductions ver 006.xlsm" queryend = "070112" readonly = "Y" visible="Y" keyname = "ISIS Payroll Deductions"><Parm keyname="connectionnm" passed="Y" /><Parm keyname="systemnm" passed="Y" /><Parm keyname="systemtype" passed="Y" /><Parm keyname="financetype" passed="Y" /><Parm keyname="usertype" passed="Y" /><Parm keyname="procprefix" passed="Y" /><Parm keyname="queryend" passed="Y" /><Parm keyname="ccimsg" passed="Y" /></ISISPayrollDeductions><ISISPayrollHistory product="Y" file = "2012 ISIS Payroll History - ver 005.xls" queryend = "070112" keyname = "ISIS Payroll History" readonly = "Y" visible="Y" procname="Module1.SetSheetInitial"><Parm keyname="connectionnm" passed="Y" /><Parm keyname="systemnm" passed="Y" /><Parm keyname="systemtype" passed="Y" /><Parm keyname="financetype" passed="Y" /><Parm keyname="usertype" passed="Y" /><Parm keyname="procprefix" passed="Y" /><Parm keyname="queryend" passed="Y" /><Parm keyname="schoolnum" passed="Y" /><Parm keyname="specialind" passed="Y" /><Parm keyname="otherdepts" passed="Y" /><Parm keyname="schpr" passed="Y" /><Parm keyname="ccimsg" passed="Y" /></ISISPayrollHistory><EmployeeList product="Y" file = "2012 Master Employee List - ver 019.xlsm"  queryend = "070112"  readonly = "Y" keyname = "Master Employee List"><Parm keyname="connectionnm" passed="Y" /><Parm keyname="systemnm" passed="Y" /><Parm keyname="systemtype" passed="Y" /><Parm keyname="financetype" passed="Y" /><Parm keyname="usertype" passed="Y" /><Parm keyname="procprefix" passed="Y" /><Parm keyname="queryend" passed="Y" /><Parm keyname="ccimsg" passed="Y" /><Parm keyname="trustedconn" passed="Y" /><Parm keyname="sqluser" passed="Y" /><Parm keyname="sqlpassword" passed="Y" /></EmployeeList><VoidedAP product="Y" file = "2012 Voided AP Checks ver 008.xlsm" queryend = "070112" readonly = "Y" visible="Y" keyname = "Voided AP Checks"><Parm keyname="connectionnm" passed="Y" /><Parm keyname="systemnm" passed="Y" /><Parm keyname="systemtype" passed="Y" /><Parm keyname="financetype" passed="Y" /><Parm keyname="usertype" passed="Y" /><Parm keyname="procprefix" passed="Y" /><Parm keyname="queryend" passed="Y" /><Parm keyname="ccimsg" passed="Y" /></VoidedAP><PayrollVer product="Y" file = "2012 Sartox Payroll Verification ver 004.xlsm"  queryend = "070112"  readonly = "Y" keyname = "Sartox Payroll Verification"><Parm keyname="connectionnm" passed="Y" /><Parm keyname="systemnm" passed="Y" /><Parm keyname="systemtype" passed="Y" /><Parm keyname="financetype" passed="Y" /><Parm keyname="usertype" passed="Y" /><Parm keyname="procprefix" passed="Y" /><Parm keyname="queryend" passed="Y" /><Parm keyname="ccimsg" passed="Y" /></PayrollVer><VoidedPR product="Y" file = "2012 Voided Payroll Checks ver 012.xlsm" queryend = "070112" readonly = "Y" visible="Y" keyname = "Voided Payroll Checks"><Parm keyname="connectionnm" passed="Y" /><Parm keyname="systemnm" passed="Y" /><Parm keyname="systemtype" passed="Y" /><Parm keyname="financetype" passed="Y" /><Parm keyname="usertype" passed="Y" /><Parm keyname="procprefix" passed="Y" /><Parm keyname="queryend" passed="Y" /><Parm keyname="ccimsg" passed="Y" /></VoidedPR><SartoxPayrollHistory product="Y" file = "2012 Sartox Payroll History ver 046.xlsm" queryend = "070112" keyname = "Sartox Payroll History" readonly = "Y" visible="Y" procname="Module1.SetSheetInitial"><Parm keyname="connectionnm" passed="Y" /><Parm keyname="systemnm" passed="Y" /><Parm keyname="systemtype" passed="Y" /><Parm keyname="financetype" passed="Y" /><Parm keyname="usertype" passed="Y" /><Parm keyname="procprefix" passed="Y" /><Parm keyname="queryend" passed="Y" /><Parm keyname="schoolnum" passed="Y" /><Parm keyname="specialind" passed="Y" /><Parm keyname="otherdepts" passed="Y" /><Parm keyname="schpr" passed="Y" /><Parm keyname="ccimsg" passed="Y" /></SartoxPayrollHistory><SartoxPayrollAssign product="Y" file = "2012 Sartox Payroll Assignments ver 035.xlsm" queryend = "070112" keyname = "Sartox Payroll Assignments" readonly = "Y" visible="Y" procname="Module1.SetSheetInitial"><Parm keyname="connectionnm" passed="Y" /><Parm keyname="systemnm" passed="Y" /><Parm keyname="systemtype" passed="Y" /><Parm keyname="financetype" passed="Y" /><Parm keyname="usertype" passed="Y" /><Parm keyname="procprefix" passed="Y" /><Parm keyname="queryend" passed="Y" /><Parm keyname="schoolnum" passed="Y" /><Parm keyname="specialind" passed="Y" /><Parm keyname="otherdepts" passed="Y" /><Parm keyname="schpr" passed="Y" /><Parm keyname="ccimsg" passed="Y" /></SartoxPayrollAssign><SartoxCafDeductions product="Y" file = "2012 Sartox Payroll Deductions ver 002.xlsm" queryend = "070112" readonly = "Y" visible="Y" keyname = "Sartox Payroll Deductions"><Parm keyname="connectionnm" passed="Y" /><Parm keyname="systemnm" passed="Y" /><Parm keyname="systemtype" passed="Y" /><Parm keyname="financetype" passed="Y" /><Parm keyname="usertype" passed="Y" /><Parm keyname="procprefix" passed="Y" /><Parm keyname="queryend" passed="Y" /><Parm keyname="ccimsg" passed="Y" /></SartoxCafDeductions><DeductionsReg product="Y" file = "2012 Sartox Deductions Register ver 001.xlsm" queryend = "070112" readonly = "Y" visible="Y" keyname = "Deductions Register"><Parm keyname="connectionnm" passed="Y" /><Parm keyname="systemnm" passed="Y" /><Parm keyname="systemtype" passed="Y" /><Parm keyname="financetype" passed="Y" /><Parm keyname="usertype" passed="Y" /><Parm keyname="procprefix" passed="Y" /><Parm keyname="queryend" passed="Y" /><Parm keyname="ccimsg" passed="Y" /></DeductionsReg><Vendor product="Y" file = "2012 Master Vendor List ver 010.xlsm" queryend = "070112" readonly = "Y"  visible="Y" keyname = "Master Vendor List"><Parm keyname="connectionnm" passed="Y" /><Parm keyname="systemnm" passed="Y" /><Parm keyname="systemtype" passed="Y" /><Parm keyname="financetype" passed="Y" /><Parm keyname="usertype" passed="Y" /><Parm keyname="procprefix" passed="Y" /><Parm keyname="queryend" passed="Y" /><Parm keyname="ccimsg" passed="Y" /></Vendor><FixedAssets product="Y" file = "2012 Sartox Fixed Assets ver 013.xlsm" queryend = "070112" readonly = "Y" visible="Y" keyname = "Fixed Assets" procname="Module1.SetSheetInitial"><Parm keyname="connectionnm" passed="Y" /><Parm keyname="systemnm" passed="Y" /><Parm keyname="systemtype" passed="Y" /><Parm keyname="financetype" passed="Y" /><Parm keyname="usertype" passed="Y" /><Parm keyname="procprefix" passed="Y" /><Parm keyname="queryend" passed="Y" /><Parm keyname="schoolnum" passed="Y" /><Parm keyname="otherdepts" passed="Y" /><Parm keyname="ccimsg" passed="Y" /></FixedAssets><SalesTax product="Y" file = "2012 Sales Tax ver 004.xlsm" queryend = "070112" readonly = "Y" visible="Y" keyname = "SalesTax"><Parm keyname="connectionnm" passed="Y" /><Parm keyname="systemnm" passed="Y" /><Parm keyname="systemtype" passed="Y" /><Parm keyname="financetype" passed="Y" /><Parm keyname="usertype" passed="Y" /><Parm keyname="procprefix" passed="Y" /><Parm keyname="queryend" passed="Y" /><Parm keyname="ccimsg" passed="Y" /></SalesTax><Vendor product="Y" file = "4_001 Master Vendor List ver 001.xls" queryend = "4_001" readonly = "Y"  visible="Y" keyname = "Master Vendor List"><Parm keyname="connectionnm" passed="Y" /><Parm keyname="systemnm" passed="Y" /><Parm keyname="systemtype" passed="Y" /><Parm keyname="financetype" passed="Y" /><Parm keyname="usertype" passed="Y" /><Parm keyname="procprefix" passed="Y" /><Parm keyname="queryend" passed="Y" /><Parm keyname="ccimsg" passed="Y" /></Vendor><BudDet product="Y" file = "2012 Innovak Budget with Details ver 002.xls" queryend = "070112" readonly = "Y" visible="Y" keyname = "Budget with Details" procname="Module1.SetSheetInitial"><Parm keyname="connectionnm" passed="Y" /><Parm keyname="systemnm" passed="Y" /><Parm keyname="systemtype" passed="Y" /><Parm keyname="financetype" passed="Y" /><Parm keyname="usertype" passed="Y" /><Parm keyname="procprefix" passed="Y" /><Parm keyname="queryend" passed="Y" /><Parm keyname="schoolnum" passed="Y" /><Parm keyname="specialind" passed="Y" /><Parm keyname="otherdepts" passed="Y" /><Parm keyname="budgetind" passed="Y" /><Parm keyname="ccimsg" passed="Y" /></BudDet><SartoxCafDeductions product="Y" file = "2010 Sartox Payroll Deductions ver 034.xlsm" queryend = "070110TEST" readonly = "Y" visible="Y" keyname = "Sartox Payroll Deductions"><Parm keyname="connectionnm" passed="Y" /><Parm keyname="systemnm" passed="Y" /><Parm keyname="systemtype" passed="Y" /><Parm keyname="financetype" passed="Y" /><Parm keyname="usertype" passed="Y" /><Parm keyname="procprefix" passed="Y" /><Parm keyname="queryend" passed="Y" /><Parm keyname="ccimsg" passed="Y" /></SartoxCafDeductions><DeductionsReg product="Y" file = "2010 Sartox Deductions Register ver 011.xlsm" queryend = "070110TEST" readonly = "Y" visible="Y" keyname = "Deductions Register"><Parm keyname="connectionnm" passed="Y" /><Parm keyname="systemnm" passed="Y" /><Parm keyname="systemtype" passed="Y" /><Parm keyname="financetype" passed="Y" /><Parm keyname="usertype" passed="Y" /><Parm keyname="procprefix" passed="Y" /><Parm keyname="queryend" passed="Y" /><Parm keyname="ccimsg" passed="Y" /></DeductionsReg><SubBusHist product="Y" file = "2010 Substitute and Bus Payroll History - ver 001.xls" queryend = "070110TEST" readonly = "Y" visible="Y" keyname = "Substitute and Bus Payroll History" procname="Module1.SetSheetInitial"><Parm keyname="connectionnm" passed="Y" /><Parm keyname="systemnm" passed="Y" /><Parm keyname="systemtype" passed="Y" /><Parm keyname="financetype" passed="Y" /><Parm keyname="usertype" passed="Y" /><Parm keyname="procprefix" passed="Y" /><Parm keyname="queryend" passed="Y" /><Parm keyname="schoolnum" passed="Y" /><Parm keyname="hrmsconnectionnm" passed="Y" /><Parm keyname="otherdepts" passed="Y" /><Parm keyname="specialind" passed="Y" /><Parm keyname="hrmssystemnm" passed="Y" /><Parm keyname="ccimsg" passed="Y" /></SubBusHist><PayrollSettings product="Y" file = "2010 PayrollSettings ver 005.xlsm" queryend = "070110TEST" readonly = "N" visible="Y" keyname = "PayrollSettings"><Parm keyname="connectionnm" passed="Y" /><Parm keyname="systemnm" passed="Y" /><Parm keyname="systemtype" passed="Y" /><Parm keyname="queryend" passed="Y" /><Parm keyname="salariedcodes" passed="Y" /><Parm keyname="salariedwithsupp" passed="Y" /><Parm keyname="certifiedcodes" passed="Y" /><Parm keyname="princodes" passed="Y" /><Parm keyname="suppcodes" passed="Y" /><Parm keyname="ccimsg" passed="Y" /></PayrollSettings><ISISPO product="Y" file = "2010 ISIS Purchase Orders with Details ver 058.xlsm" queryend = "070110TEST" keyname = "ISIS Purchase Orders with Details" readonly = "Y" visible="Y" procname="Module1.SetSheetInitial"><Parm keyname="connectionnm" passed="Y" /><Parm keyname="systemnm" passed="Y" /><Parm keyname="systemtype" passed="Y" /><Parm keyname="financetype" passed="Y" /><Parm keyname="usertype" passed="Y" /><Parm keyname="procprefix" passed="Y" /><Parm keyname="queryend" passed="Y" /><Parm keyname="schoolnum" passed="Y" /><Parm keyname="specialind" passed="Y" /><Parm keyname="otherdepts" passed="Y" /><Parm keyname="ccimsg" passed="Y" /></ISISPO><ISISPayrollAssign product="Y" file = "2010 ISIS Payroll Assignments ver 084.xlsm" queryend = "070110TEST" keyname = "ISIS Payroll Assignments" readonly = "Y" visible="Y" procname="Module1.SetSheetInitial"><Parm keyname="connectionnm" passed="Y" /><Parm keyname="systemnm" passed="Y" /><Parm keyname="systemtype" passed="Y" /><Parm keyname="financetype" passed="Y" /><Parm keyname="usertype" passed="Y" /><Parm keyname="procprefix" passed="Y" /><Parm keyname="queryend" passed="Y" /><Parm keyname="schoolnum" passed="Y" /><Parm keyname="specialind" passed="Y" /><Parm keyname="otherdepts" passed="Y" /><Parm keyname="schpr" passed="Y" /><Parm keyname="ccimsg" passed="Y" /></ISISPayrollAssign><ISISPayrollHistory product="Y" file = "2010 ISIS Payroll History - ver 069.xlsm" queryend = "070110TEST" keyname = "ISIS Payroll History" readonly = "Y" visible="Y" procname="Module1.SetSheetInitial"><Parm keyname="connectionnm" passed="Y" /><Parm keyname="systemnm" passed="Y" /><Parm keyname="systemtype" passed="Y" /><Parm keyname="financetype" passed="Y" /><Parm keyname="usertype" passed="Y" /><Parm keyname="procprefix" passed="Y" /><Parm keyname="queryend" passed="Y" /><Parm keyname="schoolnum" passed="Y" /><Parm keyname="specialind" passed="Y" /><Parm keyname="otherdepts" passed="Y" /><Parm keyname="schpr" passed="Y" /><Parm keyname="ccimsg" passed="Y" /></ISISPayrollHistory><ISISActDeductions product="Y" file = "2010 ISIS Actual Deductions by Check Date ver 043.xlsm" queryend = "070110TEST" readonly = "Y" visible="Y" keyname = "Actual Deductions by Check Date"><Parm keyname="connectionnm" passed="Y" /><Parm keyname="systemnm" passed="Y" /><Parm keyname="systemtype" passed="Y" /><Parm keyname="financetype" passed="Y" /><Parm keyname="usertype" passed="Y" /><Parm keyname="procprefix" passed="Y" /><Parm keyname="queryend" passed="Y" /><Parm keyname="ccimsg" passed="Y" /></ISISActDeductions><WorkersComp product="Y" file = "2010 Workers Comp Report ver 024.xlsm" queryend = "070110TEST" readonly = "Y" visible="Y" keyname = "Workers Comp Audit Report"><Parm keyname="connectionnm" passed="Y" /><Parm keyname="systemnm" passed="Y" /><Parm keyname="systemtype" passed="Y" /><Parm keyname="financetype" passed="Y" /><Parm keyname="usertype" passed="Y" /><Parm keyname="procprefix" passed="Y" /><Parm keyname="queryend" passed="Y" /><Parm keyname="ccimsg" passed="Y" /></WorkersComp><ISISPayrollDeductions product="Y" file = "2010 ISIS Payroll Deductions ver 030.xlsm" queryend = "070110TEST" readonly = "Y" visible="Y" keyname = "ISIS Payroll Deductions"><Parm keyname="connectionnm" passed="Y" /><Parm keyname="systemnm" passed="Y" /><Parm keyname="systemtype" passed="Y" /><Parm keyname="financetype" passed="Y" /><Parm keyname="usertype" passed="Y" /><Parm keyname="procprefix" passed="Y" /><Parm keyname="queryend" passed="Y" /><Parm keyname="ccimsg" passed="Y" /></ISISPayrollDeductions><SartoxPO product="Y" file = "2010 Sartox Purchase Orders with Details - ver 033.xlsm" queryend = "070110TEST" keyname = "Sartox Purchase Orders with Details" readonly = "Y" visible="Y" procname="Module1.SetSheetInitial"><Parm keyname="connectionnm" passed="Y" /><Parm keyname="systemnm" passed="Y" /><Parm keyname="systemtype" passed="Y" /><Parm keyname="financetype" passed="Y" /><Parm keyname="usertype" passed="Y" /><Parm keyname="procprefix" passed="Y" /><Parm keyname="queryend" passed="Y" /><Parm keyname="schoolnum" passed="Y" /><Parm keyname="specialind" passed="Y" /><Parm keyname="otherdepts" passed="Y" /><Parm keyname="ccimsg" passed="Y" /></SartoxPO><Applicants product="Y" file = "2010 Applicants ver 009.xlsm" queryend = "070110TEST" readonly = "Y" visible="Y" keyname = "Applicants" procname="Module1.SetSheetInitial"><Parm keyname="hrmsconnectionnm" passed="Y" /><Parm keyname="hrmssystemnm" passed="Y" /><Parm keyname="systemtype" passed="Y" /><Parm keyname="financetype" passed="Y" /><Parm keyname="usertype" passed="Y" /><Parm keyname="procprefix" passed="Y" /><Parm keyname="queryend" passed="Y" /><Parm keyname="schoolnum" passed="Y" /><Parm keyname="ccimsg" passed="Y" /></Applicants><HRMSCert product="Y" file = "2010 HRMS Certification ver 008.xlsm" queryend = "070110TEST" readonly = "Y" visible="Y" keyname = "HRMS Certification and Renewal Credits" procname="Module1.SetSheetInitial"><Parm keyname="hrmsconnectionnm" passed="Y" /><Parm keyname="hrmssystemnm" passed="Y" /><Parm keyname="systemtype" passed="Y" /><Parm keyname="financetype" passed="Y" /><Parm keyname="usertype" passed="Y" /><Parm keyname="procprefix" passed="Y" /><Parm keyname="queryend" passed="Y" /><Parm keyname="schoolnum" passed="Y" /><Parm keyname="ccimsg" passed="Y" /></HRMSCert><SartoxPayrollHistory product="Y" file = "2010 Sartox Payroll History ver 045.xlsm" queryend = "070110TEST" keyname = "Sartox Payroll History" readonly = "Y" visible="Y" procname="Module1.SetSheetInitial"><Parm keyname="connectionnm" passed="Y" /><Parm keyname="systemnm" passed="Y" /><Parm keyname="systemtype" passed="Y" /><Parm keyname="financetype" passed="Y" /><Parm keyname="usertype" passed="Y" /><Parm keyname="procprefix" passed="Y" /><Parm keyname="queryend" passed="Y" /><Parm keyname="schoolnum" passed="Y" /><Parm keyname="specialind" passed="Y" /><Parm keyname="otherdepts" passed="Y" /><Parm keyname="schpr" passed="Y" /><Parm keyname="ccimsg" passed="Y" /></SartoxPayrollHistory><PayrollVer product="Y" file = "2012 Sartox Payroll Verification ver 004.xlsm"  queryend = "070112TEST"  readonly = "Y" keyname = "Sartox Payroll Verification"><Parm keyname="connectionnm" passed="Y" /><Parm keyname="systemnm" passed="Y" /><Parm keyname="systemtype" passed="Y" /><Parm keyname="financetype" passed="Y" /><Parm keyname="usertype" passed="Y" /><Parm keyname="procprefix" passed="Y" /><Parm keyname="queryend" passed="Y" /><Parm keyname="ccimsg" passed="Y" /></PayrollVer><EmployeeList product="Y" file = "2012 Master Employee List - ver 019.xlsm"  queryend = "070112TEST"  readonly = "Y" keyname = "Master Employee List"><Parm keyname="connectionnm" passed="Y" /><Parm keyname="systemnm" passed="Y" /><Parm keyname="systemtype" passed="Y" /><Parm keyname="financetype" passed="Y" /><Parm keyname="usertype" passed="Y" /><Parm keyname="procprefix" passed="Y" /><Parm keyname="queryend" passed="Y" /><Parm keyname="ccimsg" passed="Y" /><Parm keyname="trustedconn" passed="Y" /><Parm keyname="sqluser" passed="Y" /><Parm keyname="sqlpassword" passed="Y" /></EmployeeList><BudSummary product="Y" file = "2012 Budget Summary and Board Report ver 041.xlsm" queryend = "070112TEST" readonly = "Y" visible="Y" keyname = "Budget Summary and Board Report" procname="Module1.SetSheetInitial"><Parm keyname="connectionnm" passed="Y" /><Parm keyname="systemnm" passed="Y" /><Parm keyname="systemtype" passed="Y" /><Parm keyname="financetype" passed="Y" /><Parm keyname="usertype" passed="Y" /><Parm keyname="procprefix" passed="Y" /><Parm keyname="queryend" passed="Y" /><Parm keyname="specialind" passed="Y" /><Parm keyname="ccimsg" passed="Y" /></BudSummary><Vendor product="Y" file = "2012 Master Vendor List ver 010.xlsm" queryend = "070112TEST" readonly = "Y"  visible="Y" keyname = "Master Vendor List"><Parm keyname="connectionnm" passed="Y" /><Parm keyname="systemnm" passed="Y" /><Parm keyname="systemtype" passed="Y" /><Parm keyname="financetype" passed="Y" /><Parm keyname="usertype" passed="Y" /><Parm keyname="procprefix" passed="Y" /><Parm keyname="queryend" passed="Y" /><Parm keyname="ccimsg" passed="Y" /></Vendor><BudDet product="Y" file = "2012 Budget with Details ver 046.xlsm" queryend = "070112TEST" readonly = "Y" visible="Y" keyname = "Budget with Details" procname="Module1.SetSheetInitial"><Parm keyname="connectionnm" passed="Y" /><Parm keyname="systemnm" passed="Y" /><Parm keyname="systemtype" passed="Y" /><Parm keyname="financetype" passed="Y" /><Parm keyname="usertype" passed="Y" /><Parm keyname="procprefix" passed="Y" /><Parm keyname="queryend" passed="Y" /><Parm keyname="schoolnum" passed="Y" /><Parm keyname="specialind" passed="Y" /><Parm keyname="otherdepts" passed="Y" /><Parm keyname="budgetind" passed="Y" /><Parm keyname="ccimsg" passed="Y" /></BudDet><ISISPayrollDeductions product="Y" file = "2012 ISIS Payroll Deductions ver 006.xlsm" queryend = "070112TEST" readonly = "Y" visible="Y" keyname = "ISIS Payroll Deductions"><Parm keyname="connectionnm" passed="Y" /><Parm keyname="systemnm" passed="Y" /><Parm keyname="systemtype" passed="Y" /><Parm keyname="financetype" passed="Y" /><Parm keyname="usertype" passed="Y" /><Parm keyname="procprefix" passed="Y" /><Parm keyname="queryend" passed="Y" /><Parm keyname="ccimsg" passed="Y" /></ISISPayrollDeductions><ISISActDeductions product="Y" file = "2012 ISIS Actual Deductions by Check Date ver 031.xlsm" queryend = "070112TEST" readonly = "Y" visible="Y" keyname = "Actual Deductions by Check Date"><Parm keyname="connectionnm" passed="Y" /><Parm keyname="systemnm" passed="Y" /><Parm keyname="systemtype" passed="Y" /><Parm keyname="financetype" passed="Y" /><Parm keyname="usertype" passed="Y" /><Parm keyname="procprefix" passed="Y" /><Parm keyname="queryend" passed="Y" /><Parm keyname="ccimsg" passed="Y" /></ISISActDeductions><VoidedAP product="Y" file = "2012 Voided AP Checks ver 008.xlsm" queryend = "070112TEST" readonly = "Y" visible="Y" keyname = "Voided AP Checks"><Parm keyname="connectionnm" passed="Y" /><Parm keyname="systemnm" passed="Y" /><Parm keyname="systemtype" passed="Y" /><Parm keyname="financetype" passed="Y" /><Parm keyname="usertype" passed="Y" /><Parm keyname="procprefix" passed="Y" /><Parm keyname="queryend" passed="Y" /><Parm keyname="ccimsg" passed="Y" /></VoidedAP><SalesTax product="Y" file = "2012 Sales Tax ver 017.xlsm" queryend = "070112TEST" readonly = "Y" visible="Y" keyname = "SalesTax"><Parm keyname="connectionnm" passed="Y" /><Parm keyname="systemnm" passed="Y" /><Parm keyname="systemtype" passed="Y" /><Parm keyname="financetype" passed="Y" /><Parm keyname="usertype" passed="Y" /><Parm keyname="procprefix" passed="Y" /><Parm keyname="queryend" passed="Y" /><Parm keyname="ccimsg" passed="Y" /></SalesTax><VoidedPR product="Y" file = "2012 Voided Payroll Checks ver 012.xlsm" queryend = "070112TEST" readonly = "Y" visible="Y" keyname = "Voided Payroll Checks"><Parm keyname="connectionnm" passed="Y" /><Parm keyname="systemnm" passed="Y" /><Parm keyname="systemtype" passed="Y" /><Parm keyname="financetype" passed="Y" /><Parm keyname="usertype" passed="Y" /><Parm keyname="procprefix" passed="Y" /><Parm keyname="queryend" passed="Y" /><Parm keyname="ccimsg" passed="Y" /></VoidedPR><AbsenceSettings product="Y" file = "2012 AbsenceSettings ver 003.xls" queryend = "070112TEST" keyname = "AbsenceSettings" readonly = "N" visible="Y" procname="None"></AbsenceSettings><Absences product="Y" file = "2012 Absence History ver 030.xlsm" queryend = "070112TEST" keyname = "Absence History" readonly = "Y" visible="Y" procname="Module1.SetSheetInitial"><Parm keyname="connectionnm" passed="Y" /><Parm keyname="systemnm" passed="Y" /><Parm keyname="systemtype" passed="Y" /><Parm keyname="financetype" passed="Y" /><Parm keyname="usertype" passed="Y" /><Parm keyname="procprefix" passed="Y" /><Parm keyname="queryend" passed="Y" /><Parm keyname="hoursordays" passed="Y" /><Parm keyname="schoolnum" passed="Y" /><Parm keyname="specialind" passed="Y" /><Parm keyname="otherdepts" passed="Y" /><Parm keyname="ccimsg" passed="Y" /></Absences><SubBusHist product="Y" file = "2012 Substitute and Bus Payroll History - ver 017.xlsm" queryend = "070112TEST" readonly = "Y" visible="Y" keyname = "Substitute and Bus Payroll History" procname="Module1.SetSheetInitial"><Parm keyname="connectionnm" passed="Y" /><Parm keyname="systemnm" passed="Y" /><Parm keyname="systemtype" passed="Y" /><Parm keyname="financetype" passed="Y" /><Parm keyname="usertype" passed="Y" /><Parm keyname="procprefix" passed="Y" /><Parm keyname="queryend" passed="Y" /><Parm keyname="schoolnum" passed="Y" /><Parm keyname="hrmsconnectionnm" passed="Y" /><Parm keyname="otherdepts" passed="Y" /><Parm keyname="specialind" passed="Y" /><Parm keyname="hrmssystemnm" passed="Y" /><Parm keyname="hidesubs" passed="Y" /><Parm keyname="ccimsg" passed="Y" /></SubBusHist><PayrollSettings product="Y" file = "2012 PayrollSettings ver 004.xlsm" queryend = "070112TEST" readonly = "N" visible="Y" keyname = "PayrollSettings"><Parm keyname="connectionnm" passed="Y" /><Parm keyname="systemnm" passed="Y" /><Parm keyname="systemtype" passed="Y" /><Parm keyname="queryend" passed="Y" /><Parm keyname="salariedcodes" passed="Y" /><Parm keyname="salariedwithsupp" passed="Y" /><Parm keyname="certifiedcodes" passed="Y" /><Parm keyname="princodes" passed="Y" /><Parm keyname="suppcodes" passed="Y" /><Parm keyname="healthcodes" passed="Y" /><Parm keyname="ccimsg" passed="Y" /></PayrollSettings><SartoxPayrollAssign product="Y" file = "2012 Sartox Payroll Assignments ver 020.xlsm" queryend = "070112TEST" keyname = "Sartox Payroll Assignments" readonly = "Y" visible="Y" procname="Module1.SetSheetInitial"><Parm keyname="connectionnm" passed="Y" /><Parm keyname="systemnm" passed="Y" /><Parm keyname="systemtype" passed="Y" /><Parm keyname="financetype" passed="Y" /><Parm keyname="usertype" passed="Y" /><Parm keyname="procprefix" passed="Y" /><Parm keyname="queryend" passed="Y" /><Parm keyname="schoolnum" passed="Y" /><Parm keyname="specialind" passed="Y" /><Parm keyname="otherdepts" passed="Y" /><Parm keyname="schpr" passed="Y" /><Parm keyname="ccimsg" passed="Y" /></SartoxPayrollAssign><SartoxPayrollHistory product="Y" file = "2012 Sartox Payroll History ver 046.xlsm" queryend = "070112TEST" keyname = "Sartox Payroll History" readonly = "Y" visible="Y" procname="Module1.SetSheetInitial"><Parm keyname="connectionnm" passed="Y" /><Parm keyname="systemnm" passed="Y" /><Parm keyname="systemtype" passed="Y" /><Parm keyname="financetype" passed="Y" /><Parm keyname="usertype" passed="Y" /><Parm keyname="procprefix" passed="Y" /><Parm keyname="queryend" passed="Y" /><Parm keyname="schoolnum" passed="Y" /><Parm keyname="specialind" passed="Y" /><Parm keyname="otherdepts" passed="Y" /><Parm keyname="schpr" passed="Y" /><Parm keyname="ccimsg" passed="Y" /></SartoxPayrollHistory><ISISPayrollHistory product="Y" file = "2012 ISIS Payroll History - ver 006.xlsm" queryend = "070112TEST" keyname = "ISIS Payroll History" readonly = "Y" visible="Y" procname="Module1.SetSheetInitial"><Parm keyname="connectionnm" passed="Y" /><Parm keyname="systemnm" passed="Y" /><Parm keyname="systemtype" passed="Y" /><Parm keyname="financetype" passed="Y" /><Parm keyname="usertype" passed="Y" /><Parm keyname="procprefix" passed="Y" /><Parm keyname="queryend" passed="Y" /><Parm keyname="schoolnum" passed="Y" /><Parm keyname="specialind" passed="Y" /><Parm keyname="otherdepts" passed="Y" /><Parm keyname="schpr" passed="Y" /><Parm keyname="ccimsg" passed="Y" /></ISISPayrollHistory><Absences product="Y" file = "2012 Absence History ver 021.xls" queryend = "2003" keyname = "Absence History" readonly = "Y" visible="Y" procname="Module1.SetSheetInitial"><Parm keyname="connectionnm" passed="Y" /><Parm keyname="systemnm" passed="Y" /><Parm keyname="systemtype" passed="Y" /><Parm keyname="financetype" passed="Y" /><Parm keyname="usertype" passed="Y" /><Parm keyname="procprefix" passed="Y" /><Parm keyname="queryend" passed="Y" /><Parm keyname="hoursordays" passed="Y" /><Parm keyname="schoolnum" passed="Y" /><Parm keyname="specialind" passed="Y" /><Parm keyname="otherdepts" passed="Y" /><Parm keyname="ccimsg" passed="Y" /></Absences><AbsenceSettings product="Y" file = "2012 AbsenceSettings ver 003.xls" queryend = "2003" keyname = "AbsenceSettings" readonly = "N" visible="Y" procname="None"></AbsenceSettings><BudSummary product="Y" file = "2012 Budget Summary and Board Report ver 013.xls" queryend = "2003" readonly = "Y" visible="Y" keyname = "Budget Summary and Board Report" procname="Module1.SetSheetInitial"><Parm keyname="connectionnm" passed="Y" /><Parm keyname="systemnm" passed="Y" /><Parm keyname="systemtype" passed="Y" /><Parm keyname="financetype" passed="Y" /><Parm keyname="usertype" passed="Y" /><Parm keyname="procprefix" passed="Y" /><Parm keyname="queryend" passed="Y" /><Parm keyname="specialind" passed="Y" /><Parm keyname="ccimsg" passed="Y" /></BudSummary><BudDet product="Y" file = "2012 Budget with Details ver 016.xls" queryend = "2003" readonly = "Y" visible="Y" keyname = "Budget with Details" procname="Module1.SetSheetInitial"><Parm keyname="connectionnm" passed="Y" /><Parm keyname="systemnm" passed="Y" /><Parm keyname="systemtype" passed="Y" /><Parm keyname="financetype" passed="Y" /><Parm keyname="usertype" passed="Y" /><Parm keyname="procprefix" passed="Y" /><Parm keyname="queryend" passed="Y" /><Parm keyname="schoolnum" passed="Y" /><Parm keyname="specialind" passed="Y" /><Parm keyname="otherdepts" passed="Y" /><Parm keyname="budgetind" passed="Y" /><Parm keyname="ccimsg" passed="Y" /></BudDet><EmployeeList product="Y" file = "2012 Master Employee List - ver 010.xls"  queryend = "2003"  readonly = "Y" keyname = "Master Employee List"><Parm keyname="connectionnm" passed="Y" /><Parm keyname="systemnm" passed="Y" /><Parm keyname="systemtype" passed="Y" /><Parm keyname="financetype" passed="Y" /><Parm keyname="usertype" passed="Y" /><Parm keyname="procprefix" passed="Y" /><Parm keyname="queryend" passed="Y" /><Parm keyname="ccimsg" passed="Y" /><Parm keyname="trustedconn" passed="Y" /><Parm keyname="sqluser" passed="Y" /><Parm keyname="sqlpassword" passed="Y" /></EmployeeList><Vendor product="Y" file = "2012 Master Vendor List ver 005.xls" queryend = "2003" readonly = "Y"  visible="Y" keyname = "Master Vendor List"><Parm keyname="connectionnm" passed="Y" /><Parm keyname="systemnm" passed="Y" /><Parm keyname="systemtype" passed="Y" /><Parm keyname="financetype" passed="Y" /><Parm keyname="usertype" passed="Y" /><Parm keyname="procprefix" passed="Y" /><Parm keyname="queryend" passed="Y" /><Parm keyname="ccimsg" passed="Y" /></Vendor><SalesTax product="Y" file = "2012 Sales Tax ver 003.xls" queryend = "2003" readonly = "Y" visible="Y" keyname = "SalesTax"><Parm keyname="connectionnm" passed="Y" /><Parm keyname="systemnm" passed="Y" /><Parm keyname="systemtype" passed="Y" /><Parm keyname="financetype" passed="Y" /><Parm keyname="usertype" passed="Y" /><Parm keyname="procprefix" passed="Y" /><Parm keyname="queryend" passed="Y" /><Parm keyname="ccimsg" passed="Y" /></SalesTax><FixedAssets product="Y" file = "2012 Sartox Fixed Assets ver 011.xls" queryend = "2003" readonly = "Y" visible="Y" keyname = "Fixed Assets" procname="Module1.SetSheetInitial"><Parm keyname="connectionnm" passed="Y" /><Parm keyname="systemnm" passed="Y" /><Parm keyname="systemtype" passed="Y" /><Parm keyname="financetype" passed="Y" /><Parm keyname="usertype" passed="Y" /><Parm keyname="procprefix" passed="Y" /><Parm keyname="queryend" passed="Y" /><Parm keyname="schoolnum" passed="Y" /><Parm keyname="otherdepts" passed="Y" /><Parm keyname="ccimsg" passed="Y" /></FixedAssets><PayrollVer product="Y" file = "2012 Sartox Payroll Verification ver 002.xls"  queryend = "2003"  readonly = "Y" keyname = "Sartox Payroll Verification"><Parm keyname="connectionnm" passed="Y" /><Parm keyname="systemnm" passed="Y" /><Parm keyname="systemtype" passed="Y" /><Parm keyname="financetype" passed="Y" /><Parm keyname="usertype" passed="Y" /><Parm keyname="procprefix" passed="Y" /><Parm keyname="queryend" passed="Y" /><Parm keyname="ccimsg" passed="Y" /></PayrollVer><SubBusHist product="Y" file = "2012 Substitute and Bus Payroll History - ver 010.xls" queryend = "2003" readonly = "Y" visible="Y" keyname = "Substitute and Bus Payroll History" procname="Module1.SetSheetInitial"><Parm keyname="connectionnm" passed="Y" /><Parm keyname="systemnm" passed="Y" /><Parm keyname="systemtype" passed="Y" /><Parm keyname="financetype" passed="Y" /><Parm keyname="usertype" passed="Y" /><Parm keyname="procprefix" passed="Y" /><Parm keyname="queryend" passed="Y" /><Parm keyname="schoolnum" passed="Y" /><Parm keyname="hrmsconnectionnm" passed="Y" /><Parm keyname="otherdepts" passed="Y" /><Parm keyname="specialind" passed="Y" /><Parm keyname="hrmssystemnm" passed="Y" /><Parm keyname="hidesubs" passed="Y" /><Parm keyname="ccimsg" passed="Y" /></SubBusHist><VoidedAP product="Y" file = "2012 Voided AP Checks ver 004.xls" queryend = "2003" readonly = "Y" visible="Y" keyname = "Voided AP Checks"><Parm keyname="connectionnm" passed="Y" /><Parm keyname="systemnm" passed="Y" /><Parm keyname="systemtype" passed="Y" /><Parm keyname="financetype" passed="Y" /><Parm keyname="usertype" passed="Y" /><Parm keyname="procprefix" passed="Y" /><Parm keyname="queryend" passed="Y" /><Parm keyname="ccimsg" passed="Y" /></VoidedAP><VoidedPR product="Y" file = "2012 Voided Payroll Checks ver 007.xls" queryend = "2003" readonly = "Y" visible="Y" keyname = "Voided Payroll Checks"><Parm keyname="connectionnm" passed="Y" /><Parm keyname="systemnm" passed="Y" /><Parm keyname="systemtype" passed="Y" /><Parm keyname="financetype" passed="Y" /><Parm keyname="usertype" passed="Y" /><Parm keyname="procprefix" passed="Y" /><Parm keyname="queryend" passed="Y" /><Parm keyname="ccimsg" passed="Y" /></VoidedPR><Applicants product="Y" file = "2010 Applicants ver 008.xls" queryend = "2003" readonly = "Y" visible="Y" keyname = "Applicants" procname="Module1.SetSheetInitial"><Parm keyname="hrmsconnectionnm" passed="Y" /><Parm keyname="hrmssystemnm" passed="Y" /><Parm keyname="systemtype" passed="Y" /><Parm keyname="financetype" passed="Y" /><Parm keyname="usertype" passed="Y" /><Parm keyname="procprefix" passed="Y" /><Parm keyname="queryend" passed="Y" /><Parm keyname="schoolnum" passed="Y" /><Parm keyname="ccimsg" passed="Y" /></Applicants><HRMSCert product="Y" file = "2010 HRMS Certification ver 007.xls" queryend = "2003" readonly = "Y" visible="Y" keyname = "HRMS Certification and Renewal Credits" procname="Module1.SetSheetInitial"><Parm keyname="hrmsconnectionnm" passed="Y" /><Parm keyname="hrmssystemnm" passed="Y" /><Parm keyname="systemtype" passed="Y" /><Parm keyname="financetype" passed="Y" /><Parm keyname="usertype" passed="Y" /><Parm keyname="procprefix" passed="Y" /><Parm keyname="queryend" passed="Y" /><Parm keyname="schoolnum" passed="Y" /><Parm keyname="ccimsg" passed="Y" /></HRMSCert><ISISActDeductions product="Y" file = "2010 ISIS Actual Deductions by Check Date ver 038.xls" queryend = "2003" readonly = "Y" visible="Y" keyname = "Actual Deductions by Check Date"><Parm keyname="connectionnm" passed="Y" /><Parm keyname="systemnm" passed="Y" /><Parm keyname="systemtype" passed="Y" /><Parm keyname="financetype" passed="Y" /><Parm keyname="usertype" passed="Y" /><Parm keyname="procprefix" passed="Y" /><Parm keyname="queryend" passed="Y" /><Parm keyname="ccimsg" passed="Y" /></ISISActDeductions><ISISPayrollAssign product="Y" file = "2010 ISIS Payroll Assignments ver 074.xls" queryend = "2003" keyname = "ISIS Payroll Assignments" readonly = "Y" visible="Y" procname="Module1.SetSheetInitial"><Parm keyname="connectionnm" passed="Y" /><Parm keyname="systemnm" passed="Y" /><Parm keyname="systemtype" passed="Y" /><Parm keyname="financetype" passed="Y" /><Parm keyname="usertype" passed="Y" /><Parm keyname="procprefix" passed="Y" /><Parm keyname="queryend" passed="Y" /><Parm keyname="schoolnum" passed="Y" /><Parm keyname="specialind" passed="Y" /><Parm keyname="otherdepts" passed="Y" /><Parm keyname="schpr" passed="Y" /><Parm keyname="ccimsg" passed="Y" /></ISISPayrollAssign><ISISPayrollDeductions product="Y" file = "2010 ISIS Payroll Deductions ver 027.xls" queryend = "2003" readonly = "Y" visible="Y" keyname = "ISIS Payroll Deductions"><Parm keyname="connectionnm" passed="Y" /><Parm keyname="systemnm" passed="Y" /><Parm keyname="systemtype" passed="Y" /><Parm keyname="financetype" passed="Y" /><Parm keyname="usertype" passed="Y" /><Parm keyname="procprefix" passed="Y" /><Parm keyname="queryend" passed="Y" /><Parm keyname="ccimsg" passed="Y" /></ISISPayrollDeductions><ISISPayrollHistory product="Y" file = "2010 ISIS Payroll History - ver 062.xls" queryend = "2003" keyname = "ISIS Payroll History" readonly = "Y" visible="Y" procname="Module1.SetSheetInitial"><Parm keyname="connectionnm" passed="Y" /><Parm keyname="systemnm" passed="Y" /><Parm keyname="systemtype" passed="Y" /><Parm keyname="financetype" passed="Y" /><Parm keyname="usertype" passed="Y" /><Parm keyname="procprefix" passed="Y" /><Parm keyname="queryend" passed="Y" /><Parm keyname="schoolnum" passed="Y" /><Parm keyname="specialind" passed="Y" /><Parm keyname="otherdepts" passed="Y" /><Parm keyname="schpr" passed="Y" /><Parm keyname="ccimsg" passed="Y" /></ISISPayrollHistory><ISISPO product="Y" file = "2010 ISIS Purchase Orders with Details ver 053.xls" queryend = "2003" keyname = "ISIS Purchase Orders with Details" readonly = "Y" visible="Y" procname="Module1.SetSheetInitial"><Parm keyname="connectionnm" passed="Y" /><Parm keyname="systemnm" passed="Y" /><Parm keyname="systemtype" passed="Y" /><Parm keyname="financetype" passed="Y" /><Parm keyname="usertype" passed="Y" /><Parm keyname="procprefix" passed="Y" /><Parm keyname="queryend" passed="Y" /><Parm keyname="schoolnum" passed="Y" /><Parm keyname="specialind" passed="Y" /><Parm keyname="otherdepts" passed="Y" /><Parm keyname="ccimsg" passed="Y" /></ISISPO><LeaveBalances product="Y" file = "2010 Leave Balances ver 002.xls"  queryend = "2003"  readonly = "Y" keyname = "Leave Balances"><Parm keyname="connectionnm" passed="Y" /><Parm keyname="systemnm" passed="Y" /><Parm keyname="systemtype" passed="Y" /><Parm keyname="financetype" passed="Y" /><Parm keyname="usertype" passed="Y" /><Parm keyname="procprefix" passed="Y" /><Parm keyname="queryend" passed="Y" /><Parm keyname="schoolnum" passed="Y" /><Parm keyname="ccimsg" passed="Y" /></LeaveBalances><PayrollSettings product="Y" file = "2010 PayrollSettings ver 004.xls" queryend = "2003" readonly = "N" visible="Y" keyname = "PayrollSettings"><Parm keyname="connectionnm" passed="Y" /><Parm keyname="systemnm" passed="Y" /><Parm keyname="systemtype" passed="Y" /><Parm keyname="queryend" passed="Y" /><Parm keyname="salariedcodes" passed="Y" /><Parm keyname="salariedwithsupp" passed="Y" /><Parm keyname="certifiedcodes" passed="Y" /><Parm keyname="princodes" passed="Y" /><Parm keyname="suppcodes" passed="Y" /><Parm keyname="ccimsg" passed="Y" /></PayrollSettings><DeductionsReg product="Y" file = "2010 Sartox Deductions Register ver 010.xls" queryend = "2003" readonly = "Y" visible="Y" keyname = "Deductions Register"><Parm keyname="connectionnm" passed="Y" /><Parm keyname="systemnm" passed="Y" /><Parm keyname="systemtype" passed="Y" /><Parm keyname="financetype" passed="Y" /><Parm keyname="usertype" passed="Y" /><Parm keyname="procprefix" passed="Y" /><Parm keyname="queryend" passed="Y" /><Parm keyname="ccimsg" passed="Y" /></DeductionsReg><SartoxPayrollAssign product="Y" file = "2010 Sartox Payroll Assignments ver 033.xls" queryend = "2003" keyname = "Sartox Payroll Assignments" readonly = "Y" visible="Y" procname="Module1.SetSheetInitial"><Parm keyname="connectionnm" passed="Y" /><Parm keyname="systemnm" passed="Y" /><Parm keyname="systemtype" passed="Y" /><Parm keyname="financetype" passed="Y" /><Parm keyname="usertype" passed="Y" /><Parm keyname="procprefix" passed="Y" /><Parm keyname="queryend" passed="Y" /><Parm keyname="schoolnum" passed="Y" /><Parm keyname="specialind" passed="Y" /><Parm keyname="otherdepts" passed="Y" /><Parm keyname="schpr" passed="Y" /><Parm keyname="ccimsg" passed="Y" /></SartoxPayrollAssign><SartoxCafDeductions product="Y" file = "2010 Sartox Payroll Deductions ver 031.xls" queryend = "2003" readonly = "Y" visible="Y" keyname = "Sartox Payroll Deductions"><Parm keyname="connectionnm" passed="Y" /><Parm keyname="systemnm" passed="Y" /><Parm keyname="systemtype" passed="Y" /><Parm keyname="financetype" passed="Y" /><Parm keyname="usertype" passed="Y" /><Parm keyname="procprefix" passed="Y" /><Parm keyname="queryend" passed="Y" /><Parm keyname="ccimsg" passed="Y" /></SartoxCafDeductions><SartoxPayrollHistory product="Y" file = "2010 Sartox Payroll History ver 039.xls" queryend = "2003" keyname = "Sartox Payroll History" readonly = "Y" visible="Y" procname="Module1.SetSheetInitial"><Parm keyname="connectionnm" passed="Y" /><Parm keyname="systemnm" passed="Y" /><Parm keyname="systemtype" passed="Y" /><Parm keyname="financetype" passed="Y" /><Parm keyname="usertype" passed="Y" /><Parm keyname="procprefix" passed="Y" /><Parm keyname="queryend" passed="Y" /><Parm keyname="schoolnum" passed="Y" /><Parm keyname="specialind" passed="Y" /><Parm keyname="otherdepts" passed="Y" /><Parm keyname="schpr" passed="Y" /><Parm keyname="ccimsg" passed="Y" /></SartoxPayrollHistory><SartoxPO product="Y" file = "2010 Sartox Purchase Orders with Details - ver 032.xls" queryend = "2003" keyname = "Sartox Purchase Orders with Details" readonly = "Y" visible="Y" procname="Module1.SetSheetInitial"><Parm keyname="connectionnm" passed="Y" /><Parm keyname="systemnm" passed="Y" /><Parm keyname="systemtype" passed="Y" /><Parm keyname="financetype" passed="Y" /><Parm keyname="usertype" passed="Y" /><Parm keyname="procprefix" passed="Y" /><Parm keyname="queryend" passed="Y" /><Parm keyname="schoolnum" passed="Y" /><Parm keyname="specialind" passed="Y" /><Parm keyname="otherdepts" passed="Y" /><Parm keyname="ccimsg" passed="Y" /></SartoxPO><WorkersComp product="Y" file = "2010 Workers Comp Report ver 020.xls" queryend = "2003" readonly = "Y" visible="Y" keyname = "Workers Comp Audit Report"><Parm keyname="connectionnm" passed="Y" /><Parm keyname="systemnm" passed="Y" /><Parm keyname="systemtype" passed="Y" /><Parm keyname="financetype" passed="Y" /><Parm keyname="usertype" passed="Y" /><Parm keyname="procprefix" passed="Y" /><Parm keyname="queryend" passed="Y" /><Parm keyname="ccimsg" passed="Y" /></WorkersComp><SartoxPayrollHistory product="Y" file = "2010 Sartox Payroll History ACA ver 012.xlsm" queryend = "070110ACA" keyname = "Sartox Payroll History" readonly = "Y" visible="Y" procname="Module1.SetSheetInitial"><Parm keyname="connectionnm" passed="Y" /><Parm keyname="systemnm" passed="Y" /><Parm keyname="systemtype" passed="Y" /><Parm keyname="financetype" passed="Y" /><Parm keyname="usertype" passed="Y" /><Parm keyname="procprefix" passed="Y" /><Parm keyname="queryend" passed="Y" /><Parm keyname="schoolnum" passed="Y" /><Parm keyname="specialind" passed="Y" /><Parm keyname="otherdepts" passed="Y" /><Parm keyname="schpr" passed="Y" /><Parm keyname="ccimsg" passed="Y" /></SartoxPayrollHistory><InnovakPayrollAssign product="Y" file = "Innovak 1_01 - Payroll Assignments ver 041.xlsm"  queryend = "1_01"  readonly = "Y" keyname = "Innovak Payroll Assignments"><Parm keyname="connectionnm" passed="Y" /><Parm keyname="systemnm" passed="Y" /><Parm keyname="systemtype" passed="Y" /><Parm keyname="financetype" passed="Y" /><Parm keyname="usertype" passed="Y" /><Parm keyname="procprefix" passed="Y" /><Parm keyname="queryend" passed="Y" /><Parm keyname="ccimsg" passed="Y" /><Parm keyname="trustedconn" passed="Y" /><Parm keyname="sqluser" passed="Y" /><Parm keyname="sqlpassword" passed="Y" /><Parm keyname="libname" passed="Y" /></InnovakPayrollAssign><InnovakPayrollAssign product="Y" file = "Innovak 1_02 - Payroll Assignments ver 003.xlsm"  queryend = "1_02"  readonly = "Y" keyname = "Innovak Payroll Assignments"><Parm keyname="connectionnm" passed="Y" /><Parm keyname="systemnm" passed="Y" /><Parm keyname="systemtype" passed="Y" /><Parm keyname="financetype" passed="Y" /><Parm keyname="usertype" passed="Y" /><Parm keyname="procprefix" passed="Y" /><Parm keyname="queryend" passed="Y" /><Parm keyname="ccimsg" passed="Y" /><Parm keyname="trustedconn" passed="Y" /><Parm keyname="sqluser" passed="Y" /><Parm keyname="sqlpassword" passed="Y" /><Parm keyname="libname" passed="Y" /></InnovakPayrollAssign><InnovakFixedAssets product="Y" file = "Innovak 1_01 - Fixed Assets ver 004.xlsm" queryend = "1_01" keyname = "Innovak Fixed Assets" readonly = "Y" visible="Y" procname="Module1.SetSheetInitial"><Parm keyname="connectionnm" passed="Y" /><Parm keyname="systemnm" passed="Y" /><Parm keyname="systemtype" passed="Y" /><Parm keyname="financetype" passed="Y" /><Parm keyname="usertype" passed="Y" /><Parm keyname="procprefix" passed="Y" /><Parm keyname="queryend" passed="Y" /><Parm keyname="schoolnum" passed="Y" /><Parm keyname="otherdepts" passed="Y" /><Parm keyname="ccimsg" passed="Y" /></InnovakFixedAssets><InnovakAbsences product="Y" file = "Innovak 1_01 - Absence History ver 025.xlsm" queryend = "1_01" keyname = "Innovak Absence History" readonly = "Y" visible="Y" procname="Module1.SetSheetInitial"><Parm keyname="connectionnm" passed="Y" /><Parm keyname="systemnm" passed="Y" /><Parm keyname="systemtype" passed="Y" /><Parm keyname="financetype" passed="Y" /><Parm keyname="usertype" passed="Y" /><Parm keyname="procprefix" passed="Y" /><Parm keyname="queryend" passed="Y" /><Parm keyname="hoursordays" passed="Y" /><Parm keyname="schoolnum" passed="Y" /><Parm keyname="specialind" passed="Y" /><Parm keyname="otherdepts" passed="Y" /><Parm keyname="ccimsg" passed="Y" /></InnovakAbsences><InnovakEmployeeList product="Y" file = "Innovak 1_01 - Employee Master ver 009.xlsm"  queryend = "1_01"  readonly = "Y" keyname = "Innovak Master Employee List"><Parm keyname="connectionnm" passed="Y" /><Parm keyname="systemnm" passed="Y" /><Parm keyname="systemtype" passed="Y" /><Parm keyname="financetype" passed="Y" /><Parm keyname="usertype" passed="Y" /><Parm keyname="procprefix" passed="Y" /><Parm keyname="queryend" passed="Y" /><Parm keyname="ccimsg" passed="Y" /><Parm keyname="trustedconn" passed="Y" /><Parm keyname="sqluser" passed="Y" /><Parm keyname="sqlpassword" passed="Y" /></InnovakEmployeeList><InnovakVendor product="Y" file = "Innovak Vendor Master 1_01 ver 002.xlsm" queryend = "1_01" readonly = "Y"  visible="Y" keyname = "Innovak Vendor Master"><Parm keyname="connectionnm" passed="Y" /><Parm keyname="systemnm" passed="Y" /><Parm keyname="systemtype" passed="Y" /><Parm keyname="financetype" passed="Y" /><Parm keyname="usertype" passed="Y" /><Parm keyname="procprefix" passed="Y" /><Parm keyname="queryend" passed="Y" /><Parm keyname="ccimsg" passed="Y" /><Parm keyname="libname" passed="Y" /></InnovakVendor></Config>